{
  "success": true,
  "total": 1000,
  "data": [{
    "id": 1,
    "state": false,
    "scene_name": "N1",
    "scene": "S1",
    "creater": "C1",
    "create_time": "2020-05-01 14:00:00",
    "sex": "1"
  },{
    "id": 2,
    "state": true,
    "scene_name": "N2",
    "scene": "S2",
    "creater": "C2",
    "create_time": "2020-05-01 14:00:00",
    "sex": "1"
  },{
    "id": 3,
    "state": false,
    "scene_name": "N3",
    "scene": "S3",
    "creater": "C3",
    "create_time": "2020-05-01 14:00:00",
    "sex": "0"
  },{
    "id": 4,
    "state": false,
    "scene_name": "N4",
    "scene": "S4",
    "creater": "C4",
    "create_time": "2020-05-01 14:00:00",
    "sex": "1"
  },{
    "id": 5,
    "state": false,
    "scene_name": "N5",
    "scene": "S5",
    "creater": "C5",
    "create_time": "2020-05-01 14:00:00",
    "sex": "1"
  },{
    "id": 6,
    "state": false,
    "scene_name": "N6",
    "scene": "S6",
    "creater": "C6",
    "create_time": "2020-05-01 14:00:00",
    "sex": "1"
  },{
    "id": 7,
    "state": false,
    "scene_name": "N7",
    "scene": "S7",
    "creater": "C7",
    "create_time": "2020-05-01 14:00:00",
    "sex": "0"
  },{
    "id": 8,
    "state": true,
    "scene_name": "N8",
    "scene": "S8",
    "creater": "C8",
    "create_time": "2020-05-01 14:00:00",
    "sex": "1"
  },{
    "id": 9,
    "state": false,
    "scene_name": "N9",
    "scene": "S9",
    "creater": "C9",
    "create_time": "2020-05-01 14:00:00",
    "sex": "1"
  },{
    "id": 10,
    "state": false,
    "scene_name": "N10",
    "scene": "S10",
    "creater": "C10",
    "create_time": "2020-05-01 14:00:00",
    "sex": "0"
  },{
    "id": 11,
    "state": false,
    "scene_name": "N11",
    "scene": "S11",
    "creater": "C11",
    "create_time": "2020-05-01 14:00:00",
    "sex": "1"
  },{
    "id": 12,
    "state": true,
    "scene_name": "N12",
    "scene": "S12",
    "creater": "C12",
    "create_time": "2020-05-01 14:00:00",
    "sex": "1"
  },{
    "id": 13,
    "state": false,
    "scene_name": "N13",
    "scene": "S13",
    "creater": "C13",
    "create_time": "2020-05-01 14:00:00",
    "sex": "1"
  },{
    "id": 14,
    "state": false,
    "scene_name": "N14",
    "scene": "S14",
    "creater": "C14",
    "create_time": "2020-05-01 14:00:00",
    "sex": "1"
  },{
    "id": 15,
    "state": false,
    "scene_name": "N15",
    "scene": "S15",
    "creater": "C15",
    "create_time": "2020-05-01 14:00:00",
    "sex": "1"
  },{
    "id": 16,
    "state": false,
    "scene_name": "N16",
    "scene": "S16",
    "creater": "C16",
    "create_time": "2020-05-01 14:00:00",
    "sex": "0"
  },{
    "id": 17,
    "state": false,
    "scene_name": "N17",
    "scene": "S17",
    "creater": "C17",
    "create_time": "2020-05-01 14:00:00",
    "sex": "1"
  },{
    "id": 18,
    "state": false,
    "scene_name": "N18",
    "scene": "S18",
    "creater": "C18",
    "create_time": "2020-05-01 14:00:00",
    "sex": "1"
  },{
    "id": 19,
    "state": false,
    "scene_name": "N19",
    "scene": "S19",
    "creater": "C19",
    "create_time": "2020-05-01 14:00:00",
    "sex": "0"
  },{
    "id": 20,
    "state": false,
    "scene_name": "N20",
    "scene": "S20",
    "creater": "C20",
    "create_time": "2020-05-01 14:00:00",
    "sex": "1"
  },{
    "id": 21,
    "state": false,
    "scene_name": "N21",
    "scene": "S21",
    "creater": "C21",
    "create_time": "2020-05-01 14:00:00",
    "sex": "1"
  },{
    "id": 22,
    "state": false,
    "scene_name": "N22",
    "scene": "S22",
    "creater": "C22",
    "create_time": "2020-05-01 14:00:00",
    "sex": "1"
  },{
    "id": 23,
    "state": false,
    "scene_name": "N23",
    "scene": "S23",
    "creater": "C23",
    "create_time": "2020-05-01 14:00:00",
    "sex": "1"
  },{
    "id": 24,
    "state": false,
    "scene_name": "N24",
    "scene": "S24",
    "creater": "C24",
    "create_time": "2020-05-01 14:00:00",
    "sex": "1"
  },{
    "id": 25,
    "state": false,
    "scene_name": "N25",
    "scene": "S25",
    "creater": "C25",
    "create_time": "2020-05-01 14:00:00",
    "sex": "1"
  },{
    "id": 26,
    "state": false,
    "scene_name": "N26",
    "scene": "S26",
    "creater": "C26",
    "create_time": "2020-05-01 14:00:00",
    "sex": "1"
  }]
}